category_id,views,likes,dislikes,comment_total
24,4394029,320053,5931,46245
28,7860119,185853,26679,0
22,5845909,576597,39774,170708
28,2642103,24975,4542,12829
23,1168130,96666,568,6666
1,1311445,34507,544,3040
23,666169,9985,297,1071
28,1728614,74062,2180,15297
22,1338533,69687,678,5643
1,1056891,29943,878,4046
23,859289,34485,726,1914
23,452477,28050,405,2745
23,258781,8085,303,726
24,274358,9215,477,838
24,473691,14740,415,1696
28,514972,18936,641,3817
24,282858,14870,300,1398
1,1582683,65749,1531,3598
26,479951,23945,640,1941
1,2693468,7941,302,1432
10,815608,66420,3578,5550
25,382525,1521,270,1168
24,703750,2921,2196,1042
24,255967,21817,293,2017
10,96872,3498,482,439
17,743947,6126,352,2438
17,10535242,384920,7550,23855
26,483360,16258,245,1588
24,3298456,65730,4360,9504
26,321297,15424,280,3317
10,752844,42290,359,3250
27,602127,19575,658,2510
24,136643,6218,127,524
25,244433,9143,6826,4838
1,917643,25456,731,1073
24,796896,39791,1252,3868
24,2932,71,3,15
25,224532,490,772,597
26,246389,15314,247,1842
1,165647,3712,142,524
27,162818,9531,416,1079
10,163656,19183,137,2154
24,220661,2070,449,352
26,142039,9889,130,1224
22,807779,26521,522,5996
26,1936893,74587,1060,6558
23,279903,4389,138,338
25,262875,1069,183,0
17,185541,12179,115,827
26,27794,1692,34,174
26,315347,19538,204,3172
28,46622,345,47,149
2,668027,3553,1629,889
10,1026622,61409,967,4097
23,1862110,38823,1999,6229
28,148998,2123,101,435
20,182676,3752,165,1163
23,379817,14096,323,1338
22,103807,119,23,67
10,44621,4165,121,537
24,48688,141,226,256
22,141532,9467,55,956
25,7740,70,1,7
25,16059,139,9,12
22,4618045,104899,2180,11355
24,4661584,17517,2543,2157
17,320880,3858,104,675
2,94123,520,34,96
22,134994,13901,69,1087
25,135280,2032,17,368
10,229235,9746,292,1119
28,14577,160,19,51
23,14706,1619,33,201
23,543283,33686,931,14935
1,39338,2377,103,484
23,62884,6003,72,364
1,196016,5080,56,434
24,2526119,17110,677,5311
15,43199,3263,7,294
25,1157495,15333,990,4641
29,42734,0,0,0
28,16653,83,10,27
26,416462,20164,297,2597
25,470206,942,137,582
28,2604761,28651,2256,6878
24,332176,14279,626,1927
24,7189818,26771,3925,123
27,330895,18023,112,1017
27,230701,11767,184,1519
25,358661,3498,24056,6420
10,101248,4679,93,331
1,498183,6300,112,789
23,1462030,74679,1502,3881
27,4774911,32276,12757,4103
22,2433292,123805,1069,9275
27,295156,10918,149,781
1,165849,3391,297,374
24,322896,8516,470,663
26,1617247,83419,1014,7114
26,185928,6156,129,320
10,265833,3995,197,256
25,28038,845,41,344
25,91229,270,62,211
24,188162,1990,266,192
24,157437,19869,78,2027
25,329459,1158,188,439
24,1153128,45408,4311,5708
25,1769252,8048,2123,3359
26,381229,11618,452,1663
25,260164,2405,121,259
22,1275489,2678,494,895
25,9025,53,1,16
26,13892,327,29,86
10,216040,9301,140,349
28,2036428,41039,2671,15607
25,50155,251,27,146
2,659749,3964,712,278
26,1007014,57545,570,3333
1,7410,48,2,0
22,158816,206,67,153
23,2330211,4893,938,381
17,1002,8,0,3
19,622951,13260,493,1751
10,92783,6491,54,339
28,352284,13099,508,1297
28,8692,340,16,36
24,788310,17141,1054,5521
17,113400,1049,20,297
15,163404,3337,111,447
26,352119,12880,195,517
17,119124,742,48,404
2,7009,45,0,9
10,92656,895,22,143
17,53712,203,4,25
19,763632,51890,194,4852
26,5044462,183483,16582,19443
27,2874,104,0,15
24,1307902,19734,984,3029
24,19431,87,2,10
27,229636,7897,47,781
25,171000,454,85,290
24,1812471,133824,5380,23176
24,11830,200,3,22
10,1851893,24779,2844,2242
25,4801,28,0,8
22,55214,258,5,99
24,116337,17,10,2
28,387873,12099,458,1771
26,406327,20499,516,6361
22,108653,3606,109,699
26,77640,2223,221,390
22,173773,9188,166,876
26,1106140,38670,1576,1470
22,952945,17703,3207,0
17,277903,13343,212,6348
10,700036,49257,995,4863
15,2384595,50009,1918,6584
22,1712,15,0,4
17,13794,40,49,0
10,834567,20322,876,862
1,443606,4231,68,246
24,1493731,23472,3490,5872
10,13728070,468636,6597,20989
10,4850078,146460,8649,4896
26,108839,3677,107,732
23,614717,49443,1986,3970
28,1244953,29748,2639,4112
24,1862718,21516,1960,2108
10,2114219,77679,1874,4529
17,11533,51,7,29
19,109422,200,14,0
24,349856,4403,140,335
23,447037,25068,710,1299
24,226012,9353,156,1282
10,3998451,291383,11624,24246
10,82199,1194,51,194
24,41962,1445,50,268
10,36323498,1431683,28049,100661
25,25652,73,11,62
22,7563,344,1,21
10,845694,64515,625,4325
22,316616,10084,104,331
10,3027926,76505,2880,6414
22,463409,19286,393,2304
25,4761358,50802,1128,8606
10,376381,8909,170,334
24,30851,261,65,49
25,13752002,46101,4898,0
10,433708,24188,712,2383
23,2465146,179085,1567,11973
10,836472,19314,1206,0
26,599780,29851,299,453
10,106186,4695,193,396
28,626600,20553,1033,2138
26,384682,21302,353,1559
26,2451184,176110,1017,6257
10,480279,26662,241,557
15,189414,7070,112,288
25,103666,196,67,80
1,74494,2218,37,159
28,1110865,11255,1817,3631
22,235562,1801,78,96
23,1798895,26425,465,2278
28,12200526,258842,44339,0
24,5457497,349857,17479,52483
28,3654879,30836,6101,16713
15,1398322,35880,619,6246
10,1568852,174771,2166,19191
1,558820,4847,259,1083
28,761705,32608,1562,6864
22,6997601,626155,46445,190979
23,504827,29220,457,2233
23,580441,2520,533,977
23,2084309,128402,1136,8733
23,909358,14539,672,1353
23,1119034,12843,560,1367
28,3087549,93812,3067,19758
25,380266,11558,1286,1783
25,83219,157,190,406
1,1673317,40496,678,3915
24,393968,10053,596,1191
24,990274,22897,639,2430
24,86119,1835,18,230
10,1668188,88182,5893,7373
23,705475,34506,549,3180
24,515740,37881,538,8313
17,367178,5296,199,2422
28,751902,22556,870,4638
1,1341911,33111,1035,4709
24,413029,18228,404,1671
22,1637683,76343,936,6052
24,87153,220,43,115
23,1130469,39886,876,2347
24,378178,25046,1112,2510
28,292585,16909,325,1845
24,41452,485,244,318
28,2741837,72782,7146,18239
26,586091,26816,778,2165
1,2995809,9467,371,1709
28,712467,33015,863,4018
10,159643,4389,651,603
1,1805185,72625,1714,4056
22,71109,4127,50,299
10,1091878,49500,538,3886
22,53673,1208,45,118
25,396448,1557,292,1368
10,50518,1237,30,118
17,11475555,398514,8158,24861
27,772128,21783,813,2839
24,310527,23994,373,2224
25,232505,498,793,642
2,22004,38,15,6
26,55614,2433,84,453
10,111776,4857,68,311
24,240156,7977,189,798
22,17777,15,0,6
10,478747,54551,306,3702
25,19105,154,20,20
10,13459,223,2,23
26,579532,17845,277,1852
28,65650,403,57,175
17,829793,6501,386,2582
26,429138,18017,343,3900
10,91333,6871,183,705
1,1461358,35312,1062,6077
26,22490,1939,15,156
10,93030,6162,81,564
1,229037,4137,157,587
24,3506621,67469,4459,8750
10,285838,31544,422,3563
19,35101,172,5,47
27,205103,10947,471,1206
2,971177,19477,1157,8125
24,1180879,47871,1640,4295
24,564175,33359,489,4152
15,61085,3797,9,362
26,213321,12990,138,1403
10,222206,21395,150,2298
2,675609,3571,1640,920
1,947706,25968,741,1139
22,111295,122,25,74
22,892442,27575,554,6161
20,219849,3905,181,1329
23,310292,4598,155,371
17,214484,12908,125,937
26,2511218,90146,1320,7936
2,116342,569,37,121
26,496275,25070,236,3634
26,86268,6084,48,686
10,81215,3716,228,494
23,40606,4296,11,605
25,267179,1071,184,0
26,376653,21239,220,3538
1,45843,2548,115,504
10,25912,1602,22,114
22,165684,15485,77,1180
24,12588,1330,4,119
23,70220,6395,80,388
10,1247138,68793,1092,4582
29,51223,0,0,0
24,59907,152,248,286
22,158781,10142,60,1003
23,410406,14671,344,1407
23,1918194,39488,2017,6311
25,179786,2642,25,466
28,19880,112,3,28
10,304490,10871,171,385
23,618587,35336,1143,16645
17,329508,3915,105,697
26,274315,16268,266,1965
24,4959620,18534,2723,2450
22,4830992,107674,2276,11743
26,150257,10185,137,1107
10,264911,11034,304,1231
25,1170059,15377,996,4695
10,54816,4499,129,640
25,364857,3521,24218,6501
24,2817086,18485,723,5728
25,9396,76,2,13
25,482681,949,138,598
28,151736,2153,102,444
28,24701,119,11,54
24,372944,15547,646,2081
27,56016,351,12,20
28,2711006,29072,2279,7081
10,19753,112,5,10
27,348472,18538,115,1070
24,7198312,26768,3932,147
27,252323,12482,202,1635
23,17270,1749,39,213
10,122462,5058,107,355
23,1490599,75508,1519,3978
10,352810,4636,239,331
1,541705,6617,117,901
27,5107032,33851,13164,4404
1,204553,5164,57,447
27,307749,11202,150,800
22,2555997,126897,1115,9470
26,426636,20387,304,2612
26,1681417,85017,1038,7196
26,197356,6357,142,357
1,170608,3442,303,381
25,28456,849,41,357
25,91906,270,62,219
24,168561,20645,81,2100
25,329907,1158,190,434
26,1043993,58482,588,3389
24,1228127,47168,4719,6048
26,16296,361,32,85
22,1297769,2727,514,934
25,1774499,8057,2128,3396
24,200970,2034,271,199
28,11811,401,17,50
26,415382,12329,469,1746
25,10892,60,1,26
28,2064406,41329,2694,15667
25,273256,2408,121,263
25,50537,251,27,150
2,667703,3996,722,280
17,137388,974,76,691
1,9354,53,2,0
24,326281,8616,472,680
22,168512,224,72,182
23,2333602,4894,940,445
17,1097,9,0,7
19,645414,13560,495,1792
10,103175,6708,68,345
17,122620,756,49,445
26,358204,13019,196,521
19,943682,59232,236,5468
24,808962,17617,1060,5684
15,180554,3458,113,459
2,8075,55,0,6
10,96468,914,23,159
17,54261,203,4,30
10,80647,475,23,106
27,2953,105,0,21
24,19468,87,2,14
26,5292941,187251,17328,19816
27,231371,7945,47,786
24,1361619,20383,1020,3113
24,1849541,135169,5430,23408
10,1984548,25976,2917,2345
24,15093,210,3,26
25,5266,29,0,13
1,456328,4309,69,264
22,58026,274,5,105
28,396083,12221,463,1772
24,122194,22,12,5
26,414089,20839,521,6595
22,110816,3644,110,719
26,79080,2248,225,395
22,177155,9287,166,881
26,1139838,39393,1607,1519
25,174184,462,86,303
10,723981,50162,1000,4923
10,920080,21350,907,909
22,1749,15,0,9
17,14682,44,50,0
10,5127806,149929,8827,4964
1,496221,7571,521,1215
23,1824481,135734,1086,16234
28,544518,11937,1186,2333
28,1456039,54715,374,4067
23,1009649,9582,917,2779
28,1921063,20278,4008,7615
22,224878,5144,1135,999
24,1202045,34089,604,1055
10,6570611,746023,6687,102758
10,667937,48069,1015,2956
23,3622082,47583,994,4017
10,755108,74326,947,10379
24,921642,22071,1030,9138
22,755399,8424,767,866
1,847140,9325,650,1943
24,134887,549,242,485
10,2889867,222514,3288,23539
24,1578630,63141,1198,8810
23,960930,42549,775,3130
28,15731493,321403,57528,0
24,5854127,361422,22023,54671
28,1262710,42471,2547,8880
15,1937598,42203,836,7351
25,146749,400,458,1018
28,4257519,33617,6882,18323
10,42993,2010,59,189
24,329649,13226,337,2726
24,283060,5432,191,477
17,168353,7105,210,241
10,69042,5742,27,337
10,47369,2137,41,201
24,198260,1170,1325,1106
10,118491,2130,96,505
17,149552,6076,218,521
26,37460,2789,38,250
26,239956,15696,228,1915
10,55165,3312,118,467
22,7706359,659184,50584,199406
24,320296,6445,346,1247
23,677009,3097,755,1405
23,1276245,17804,912,1662
27,92947,4578,580,735
23,2587501,144171,1481,9933
28,3970421,107888,3861,22556
24,21421,166,28,92
23,219193,7936,165,1008
25,517133,14122,1718,2237
10,54377,3602,73,660
25,8418,20,94,59
24,166176,2921,49,404
10,172189,980,10,125
23,1268813,13834,670,1251
24,83356,608,32,70
23,186264,7703,544,1421
26,1360621,85965,1959,14243
22,195726,19447,34,1449
24,131335,11843,65,937
1,71187,390,5,27
10,64584,6610,52,391
22,129102,2432,295,1314
28,545072,25553,585,3016
1,1879131,43783,737,4341
24,139837,299,63,210
24,1704887,31922,1348,5073
24,625573,42524,653,9323
17,170124,2614,68,369
22,22975,22,1,40
10,2453843,104520,7808,7083
24,431464,10379,628,1025
10,30563,192,3,21
24,52532,1340,5,131
19,205267,8686,118,1976
28,868054,24364,976,4644
17,495762,6520,252,2910
10,181104,6500,101,375
10,86623,1924,48,213
23,944026,40807,672,3650
10,78103,387,30,29
22,2782871,203997,1054,16847
28,3572241,86493,9501,22016
10,185529,9801,297,1009
26,686662,35138,321,4762
24,483683,20265,450,1888
2,15681,57,0,9
1,1494086,35533,1135,5328
28,927303,38322,1099,3667
26,21083,1115,18,156
22,1755094,79451,1038,6290
1,496221,7571,521,1215
23,1824481,135734,1086,16234
28,544518,11937,1186,2333
28,1456039,54715,374,4067
23,1009649,9582,917,2779
28,1921063,20278,4008,7615
22,224878,5144,1135,999
24,1202045,34089,604,1055
10,6570611,746023,6687,102758
10,667937,48069,1015,2956
23,3622082,47583,994,4017
10,755108,74326,947,10379
24,921642,22071,1030,9138
22,755399,8424,767,866
1,847140,9325,650,1943
24,134887,549,242,485
10,2889867,222514,3288,23539
24,1578630,63141,1198,8810
23,960930,42549,775,3130
28,15731493,321403,57528,0
24,5854127,361422,22023,54671
28,1262710,42471,2547,8880
15,1937598,42203,836,7351
25,146749,400,458,1018
28,4257519,33617,6882,18323
10,42993,2010,59,189
24,329649,13226,337,2726
24,283060,5432,191,477
17,168353,7105,210,241
10,69042,5742,27,337
10,47369,2137,41,201
24,198260,1170,1325,1106
10,118491,2130,96,505
17,149552,6076,218,521
26,37460,2789,38,250
26,239956,15696,228,1915
10,55165,3312,118,467
22,7706359,659184,50584,199406
24,320296,6445,346,1247
23,677009,3097,755,1405
23,1276245,17804,912,1662
27,92947,4578,580,735
23,2587501,144171,1481,9933
28,3970421,107888,3861,22556
24,21421,166,28,92
23,219193,7936,165,1008
25,517133,14122,1718,2237
10,54377,3602,73,660
25,8418,20,94,59
24,166176,2921,49,404
10,172189,980,10,125
23,1268813,13834,670,1251
24,83356,608,32,70
23,186264,7703,544,1421
26,1360621,85965,1959,14243
22,195726,19447,34,1449
24,131335,11843,65,937
1,71187,390,5,27
10,64584,6610,52,391
22,129102,2432,295,1314
28,545072,25553,585,3016
1,1879131,43783,737,4341
24,139837,299,63,210
24,1704887,31922,1348,5073
24,625573,42524,653,9323
17,170124,2614,68,369
22,22975,22,1,40
10,2453843,104520,7808,7083
24,431464,10379,628,1025
10,30563,192,3,21
24,52532,1340,5,131
19,205267,8686,118,1976
28,868054,24364,976,4644
17,495762,6520,252,2910
10,181104,6500,101,375
10,86623,1924,48,213
23,944026,40807,672,3650
10,78103,387,30,29
22,2782871,203997,1054,16847
28,3572241,86493,9501,22016
10,185529,9801,297,1009
26,686662,35138,321,4762
24,483683,20265,450,1888
2,15681,57,0,9
1,1494086,35533,1135,5328
28,927303,38322,1099,3667
26,21083,1115,18,156
22,1755094,79451,1038,6290
10,165983,7999,124,759
23,1271855,43039,986,1955
10,444082,40292,530,4308
23,180370,14836,247,3052
25,25122,205,29,66
28,1297760,5693,1625,3561
10,213820,5137,743,766
26,648273,28646,845,2352
1,3165464,10556,446,1616
23,96381,3045,458,419
10,18335,269,4,62
1,1985761,78518,1879,3926
22,75427,1558,63,186
10,1379413,55269,694,4383
10,46955,1685,262,648
20,27429,430,15,363
10,48562,2268,36,137
27,896164,23663,911,3139
10,124487,4471,307,617
24,342410,25617,387,2360
17,12208330,411682,8567,21046
19,41169,178,6,79
26,43981,7258,37,1537
24,282915,8924,209,942
10,654311,65224,392,4188
24,1004055,46870,817,5114
2,104166,152,39,36
26,650931,19203,309,2088
1,1546536,36722,1111,6460
15,77810,4298,16,419
26,490309,19610,386,3079
1,263630,4451,169,666
2,1072349,20846,1260,8703
24,3689337,69240,4547,9039
24,78220,2053,41,121
24,1424830,54077,1848,4710
27,46574,1530,36,251
25,234972,501,798,684
26,247504,14354,156,1554
10,287672,24003,168,2502
24,12954,0,0,0
28,32056,1051,27,153
24,151594,1214,65,239
22,88235,4752,62,395
26,95900,6507,67,726
1,971242,26435,748,1055
22,999412,29142,616,6399
22,118315,131,27,72
26,3012697,103685,1534,7761
20,240887,4015,196,1307
26,554486,26842,262,3918
26,36740,2649,23,206
24,17577,1654,12,160
22,188410,546,14,0
10,69071,148,5,33
26,64817,2682,92,511
25,267907,1072,184,0
10,406343,12581,213,471
22,186965,16782,81,1249
26,422306,22594,249,3845
28,33997,180,10,67
10,1465819,75284,1188,4244
10,32489,3979,12,258
23,76023,6729,84,441
29,56311,0,0,0
25,298016,5118,46,754
23,1968008,40143,2033,4709
1,49254,2668,117,547
22,169585,10610,63,1109
2,132165,638,48,140
2,682207,3589,1652,954
23,686381,36812,1322,15557
26,294571,17028,285,1634
24,5287771,19798,2919,2275
17,335308,3947,105,661
23,18744,1830,46,264
10,301893,12305,332,1094
22,5027180,110390,2363,12177
23,51785,4965,13,679
26,156899,10461,143,1203
25,1178955,15427,1003,4730
24,3101709,19954,773,6239
24,65718,159,258,278
28,154746,2186,102,467
25,368018,3531,24306,6466
10,61933,4848,137,699
17,4906976,2473,1582,36
1,216713,5329,60,471
24,389363,16146,648,1686
25,489523,954,139,602
28,34255,149,11,85
27,361683,19006,122,1128
27,282594,13479,235,1461
10,518533,5847,290,413
1,574541,6854,129,982
23,1516624,76278,1541,3989
10,143859,5489,126,361
28,2813499,29658,2316,7275
22,2751415,131470,1174,9680
22,5952,209,14,29
24,109331,2870,101,537
27,5502137,35892,13695,4523
28,2223,261,0,31
26,437796,20699,312,2277
10,201901,10034,148,591
20,119730,5533,73,693
17,140494,391,7,27
25,28768,850,41,274
26,208370,6608,151,393
10,10851,1023,8,111
27,59706,365,12,45
26,1738837,86547,1065,7331
25,585176,3334,1342,6369
10,4085560,198696,11446,21514
23,290939,6341,1613,1053
24,436361,7828,854,1188
25,616112,1207,436,1551
24,2167963,49804,4472,15358
28,1302666,22810,3615,5460
23,408822,3964,1156,1227
1,1040038,12692,978,2083
24,209816,2672,204,256
23,3542861,323439,5411,21570
24,713391,3204,143,582
10,374344,42116,229,6046
22,122900,8278,278,1987
24,238746,9567,169,991
25,347928,16829,527,2111
26,208156,12671,173,1688
23,2333182,155627,1463,18215
23,1681290,79888,810,20228
22,2473453,115156,1149,8206
22,251986,11494,163,1768
23,346500,9275,1606,1653
24,2137663,50615,1001,1655
28,2206069,66696,557,5332
10,171110,14306,111,1028
22,514723,18926,1044,2429
22,322790,6531,1718,1406
24,308063,950,547,947
25,64374,359,139,910
10,1173691,64045,1667,3646
10,132079,3440,142,244
26,656980,22667,419,3212
28,2138396,22501,4440,6835
10,1429515,232107,626,26197
23,1170082,35833,469,4710
26,693376,58213,729,8910
22,87663,9897,81,676
10,11494007,956288,10369,125246
1,1133919,41128,269,1966
28,91673,3258,55,349
10,1314571,96802,1556,9813
26,564319,23238,447,2126
22,1538991,33124,1071,5084
10,222677,15266,314,1019
26,745209,53345,378,3828
28,566224,31738,583,4296
22,454734,49951,168,3935
26,323077,13862,520,2221
28,45382,1268,7,146
17,254289,8443,366,309
25,15616,26,129,92
26,1257169,75023,882,11988
10,39638,246,2,25
25,35272,299,43,366
23,4789657,59921,1247,3796
10,79717,2793,96,298
24,296325,14903,555,1540
22,362844,30831,140,5376
24,293148,1315,1597,1094
1,999381,11123,784,2211
22,840615,9275,820,850
27,138512,5910,778,930
10,3735099,247833,3871,24307
25,162699,471,511,1287
24,1943149,71749,1593,9973
26,86655,3896,96,511
24,130074,4776,73,374
10,140404,9708,45,440
24,33686,200,33,133
10,97595,4829,200,648
23,1155840,48018,916,2990
10,142282,9672,111,509
24,384135,7137,240,645
10,12924,944,7,77
28,18082737,359392,64933,0
10,68044,11632,30,634
26,591039,26543,585,3046
1,112174,499,5,41
10,88087,4447,96,800
10,141997,2399,111,568
26,113565,7870,37,569
15,2162054,45015,917,7757
24,5997736,366401,22885,39626
24,99739,683,35,78
28,4489199,34622,7120,12812
24,395376,7594,428,1053
22,142583,2577,334,1398
10,47399,245,4,30
2,107072,335,6,34
24,63124,1481,6,148
2,14327,500,3,43
22,630887,8478,164,587
24,152008,316,63,272
17,172466,6592,234,590
23,257919,8634,179,1079
27,79920,5028,72,630
22,187405,2912,98,417
24,219423,3294,56,495
23,2846092,152496,1645,8941
26,50981,3376,42,330
22,8002631,672775,52253,128771
23,707295,3286,808,1274
24,200657,15624,96,1260
24,446140,10480,638,1090
26,27935,1361,22,206
26,1463155,90329,2104,14662
10,69693,1987,328,757
28,703033,30469,762,3693
10,146782,637,52,65
24,2036524,36292,1486,4335
10,3058570,116464,8998,7885
10,225692,7364,128,467
17,190020,2761,82,415
1,2047674,45956,823,3534
10,105494,2272,52,303
24,650478,43748,678,9616
10,507320,42844,553,4567
26,59733,3195,15,228
10,82625,15128,64,2344
19,232764,9435,138,2092
10,179986,1016,13,141
28,916980,25042,1009,4799
2,146236,188,50,95
23,197056,15810,265,3230
17,529834,6842,266,3055
23,1119164,44538,736,3150
10,213446,8965,146,829
26,287267,17652,277,2029
26,762446,37871,340,3578
28,4047407,93363,10688,19783
22,2970992,212293,1089,17391
24,519986,21285,485,1597
10,286237,14805,159,1294
1,1584633,36839,1191,4421
22,1825387,81519,1065,4470
28,1072359,41380,1225,3903
23,1355374,44935,1047,2096
28,1423205,6017,1724,2817
10,255271,5630,797,653
10,248158,11312,378,1169
26,51357,7892,44,1633
22,24817,22,1,101
22,217417,20907,35,1584
24,16405,0,0,0
1,3306664,11439,488,1748
2,123746,1238,99,91
17,12912064,422911,8965,21513
26,679543,29584,872,2118
10,152026,4878,350,695
10,68332,2777,41,193
10,1553895,58282,788,4556
1,2120100,82510,1997,4192
10,804340,73825,461,4530
24,35011,1262,62,421
10,66685,5936,21,311
22,83119,1695,66,235
24,365116,26710,392,2476
27,961827,24567,961,2753
26,100016,6696,78,679
19,67156,182,7,94
24,1496784,61212,1247,6124
24,305803,9581,216,995
24,105350,2208,48,125
23,100118,3156,466,429
25,26481,215,29,81
28,205498,12930,209,2479
20,30846,453,17,435
28,59135,1604,36,183
25,403747,1586,298,767
1,292661,4704,187,632
10,103179,169,5,81
15,95741,4749,20,487
1,1596548,37556,1144,6731
22,94842,5011,69,438
26,536693,20794,419,3367
10,43252,7930,20,826
10,20931,302,4,79
10,18089,1157,13,124
26,265660,14984,164,1378
27,52941,1719,38,319
2,1136677,21584,1318,8985
24,209132,1608,83,250
24,1667035,58956,1989,5079
10,355558,26495,181,2266
24,3794392,70200,4587,9142
25,235474,501,799,724
20,250559,4073,200,1361
22,1085106,30373,660,5581
1,986576,26725,759,1124
28,48585,235,14,116
26,3304860,111619,1664,8363
10,26054,1607,44,145
22,232082,632,22,0
1,556461,27542,295,2967
26,593522,27950,283,3416
26,70553,2846,96,554
22,123000,132,27,96
25,18614,146,10,17
26,40511,2814,26,259
17,1243,4,1,0
22,2557131,105292,4152,21600
22,5189928,249525,188836,101387
23,888666,13331,4298,2607
10,10944706,333571,22694,31875
24,1367572,69585,869,11670
25,958557,4449,1946,8408
1,124361,3239,206,393
28,428150,14225,606,2341
24,794350,36062,694,4684
22,184418,11561,475,1415
24,866712,13740,1420,2204
24,883661,8850,833,1123
23,2301798,111571,2980,6153
22,1913379,129744,4313,15172
1,697423,3303,351,0
24,3308652,61918,6168,19388
17,22200,258,20,66
26,142517,9381,134,1429
26,430772,20614,230,3756
17,494594,1757,222,1573
25,923246,2159,843,2324
10,630274,33856,457,2187
26,1715898,96479,1271,8973
23,300654,5195,592,942
23,722288,6019,2162,1957
26,78909,3690,151,667
28,1611838,26492,4288,6514
24,402819,4174,407,462
1,1318301,14943,1079,1724
10,643106,52876,365,6094
22,203117,10897,460,2545
25,649911,25885,908,3164
24,351832,11518,288,1193
24,1101135,4655,201,558
26,34240,1898,25,166
23,4175780,361052,6677,23243
1,63612,5203,250,2322
23,569448,12799,2209,1899
1,48720,713,9,67
23,2554293,164754,1597,18934
23,1968311,86214,910,21538
22,292896,12609,207,1940
28,104520,2039,23,260
24,37261,803,61,238
25,83906,422,189,1149
10,2373665,277868,1006,24267
22,3150095,131981,1512,9159
22,668186,21171,1443,2311
24,225785,6143,127,537
24,2856877,62776,1268,1500
24,382515,1132,659,1094
25,47906,358,58,438
28,174974,4721,100,542
28,2497096,72029,621,5921
22,135116,12924,125,809
10,385798,20113,476,1232
10,195492,4244,182,289
22,362611,7037,1853,1573
10,36900,2091,74,452
10,126103,15926,53,809
28,722624,35824,730,4923
10,1560465,74611,1997,3552
10,46311,288,8,22
1,1570276,48988,338,2222
10,31651,1532,24,126
26,852121,65212,911,6799
26,717404,23900,442,3329
28,2237810,23184,4577,6973
10,13501685,1013883,11581,157635
10,1733474,108832,1883,10698
23,1275738,37495,503,3601
22,885969,9772,849,730
26,674348,26026,547,2342
22,207054,19325,176,1870
26,871707,59110,427,4096
22,558989,56452,203,4159
26,394417,15786,590,2065
26,251942,14093,215,1817
24,332898,16175,614,1378
10,95229,3135,108,318
24,175751,1877,42,140
17,286065,8837,406,315
26,1380990,79919,966,12703
2,32853,734,7,78
10,174170,11310,54,498
22,432275,32794,160,4534
22,1880966,37115,1235,4211
1,1088163,12106,868,1789
1,139123,617,7,37
26,104556,4391,110,597
28,138958,1227,15,107
2,168664,474,8,51
27,164771,6633,853,1041
10,4272775,259507,4137,19035
10,216512,12440,142,574
24,397771,1332,1630,1099
24,2142941,75361,1696,8481
22,3395,180,0,7
25,59450,398,63,158
23,1213663,49377,937,3003
10,106825,4806,106,785
10,107323,4761,35,560
24,408785,7205,244,526
23,285667,9023,184,888
26,130634,8583,40,646
28,19707391,381919,69465,0
22,735378,9978,179,709
10,153943,2616,114,518
26,648076,28204,626,3133
10,157761,7910,280,863
10,51836,271,5,32
24,36948,63,2,0
15,2333102,46801,954,5702
25,16376,26,131,93
24,6109026,369963,23207,38850
24,436715,8099,447,1094
28,4633101,35111,7231,12823
22,220338,3158,108,336
10,83980,2119,351,620
24,36595,208,34,117
26,58686,3683,45,387
24,251788,3553,64,346
17,184224,6830,243,451
24,110540,726,38,49
24,310826,21111,155,1693
10,34972,2008,19,83
27,89617,5362,76,668
23,731197,3447,835,1199
24,454794,10554,644,1001
22,145407,2615,355,1251
22,8347038,687381,54352,130106
23,3037052,157883,1779,9107
10,72981,10156,32,890
10,256804,7823,141,366
26,32639,1471,23,216
10,52752,2410,37,201
10,213404,833,68,53
26,1513874,92549,2175,14951
28,868741,35004,945,3755
10,116960,17372,78,2583
10,118637,2486,60,136
24,67327,1513,6,112
24,2259149,38699,1573,4566
10,266816,10184,189,828
24,662501,44331,685,6640
10,3501124,123557,9636,8211
1,2156550,47051,849,3314
19,251472,9892,145,2160
24,158271,320,63,139
17,207227,2918,84,344
23,207999,16425,273,2529
10,3331,373,3,55
28,943474,25418,1031,4786
26,323710,18879,303,1618
10,314127,15315,178,1029
26,804842,39315,352,3744
10,86098,6848,30,275
23,1261482,47349,798,3205
28,4484393,98828,11533,20901
26,69148,3526,16,229
22,3122153,218697,1141,17755
24,549702,21980,505,1567
1,1771274,109494,3629,20727
26,56164,8211,55,1421
10,182568,1032,13,119
23,1434594,46448,1080,2004
28,1232902,44449,1357,4118
10,298514,12411,436,1001
1,1644821,37539,1218,4278
10,171358,5130,376,561
10,14598,1432,6,140
10,291410,6117,832,600
2,168645,205,56,3
10,533397,43681,569,3593
10,87279,3197,49,179
28,1521364,6246,1804,2885
24,123053,2293,55,110
22,252615,22516,48,1643
22,25211,22,1,0
10,1726470,60575,875,4609
2,125255,1247,100,68
17,13686054,432783,9367,21853
10,15598,141,0,29
26,711888,30520,903,2137
10,927856,79631,505,3930
24,2141691,74997,1641,5891
28,77053,2007,50,236
1,3447192,12246,535,1743
24,382354,27393,395,1988
22,88447,1774,67,176
1,1640353,38242,1160,6931
1,2227312,85408,2060,4287
24,345495,10170,230,872
27,3411,61,0,11
27,1016805,25299,998,2705
10,428075,28530,189,2291
25,238220,504,807,658
28,217735,13284,218,2483
23,102334,3245,471,407
22,100731,5210,71,302
24,703133,28349,659,3316
24,436907,7696,346,629
24,50478,1149,260,533
24,3316413,179081,3978,30850
22,4443002,151423,9287,31293
25,56551,1073,354,761
17,1304884,7306,1249,5175
28,973059,78245,1831,12621
1,417741,7268,655,940
22,1431367,41867,1817,3875
22,6987691,279751,271351,85949
24,8795,202,60,69
28,786180,19278,1208,3328
26,547337,31942,655,3183
23,1213185,16818,5553,2636
10,15906520,415114,29669,31425
22,2278284,138872,7077,11177
24,1826347,82533,1336,12968
24,396308,15974,594,2890
17,86898,764,74,170
1,16506,448,30,53
24,5551,103,114,53
24,1266616,11561,1233,1073
25,488750,5814,209,1224
1,818526,3466,443,0
24,970111,39892,1088,3914
23,2583811,119607,3847,4893
26,596689,24701,357,4613
24,4008289,68589,7090,18636
1,152090,1429,37,84
10,1131278,51617,847,2744
25,1096173,2829,1124,2891
23,422209,6278,868,1229
23,279650,11294,195,1225
24,88402,616,242,397
28,21973,42,90,65
26,2119463,111703,1617,7842
24,516614,4888,558,428
10,854361,60258,471,6764
22,273138,13902,653,1632
23,890996,7244,2783,1583
26,56967,2541,47,196
28,1805157,28561,4766,4995
1,104488,6778,501,3069
24,408663,12463,388,1423
25,879197,34415,1185,3837
1,1514361,16325,1138,1964
26,178179,10352,184,1331
17,357897,11347,311,3867
28,307285,2597,113,157
24,1455471,5633,252,695
26,104945,4279,212,760
23,4485662,377360,7406,18987
25,189062,723,120,69
24,299462,6992,166,489
24,70889,253,1,15
10,46266,1900,31,133
10,45303,2415,98,530
23,748105,15750,2544,2154
22,312833,13234,214,1643
25,26002,503,72,175
28,782543,14647,1489,0
22,348985,25763,267,2387
23,2109838,89462,972,17024
22,749633,22525,1666,2550
10,161495,18227,73,907
10,3111683,303621,1257,25994
23,2699490,170737,1658,15830
22,157482,14411,138,840
28,251950,5933,131,495
22,3556295,142856,1698,7679
10,243329,4835,216,281
24,417647,1229,674,982
10,516012,23754,610,1191
22,390932,7406,1882,1059
24,3297192,71169,1412,1681
28,2686196,75577,658,4981
10,1848866,83261,2229,3681
1,1867067,54231,389,1996
24,44921,880,72,263
26,753615,24686,454,3424
26,974932,70591,1035,7140
26,740222,27889,603,2140
26,934171,62221,447,3356
28,2307502,23662,4652,7508
10,2082064,117087,2093,11438
28,794778,38086,804,4038
24,6104,74,0,5
26,269710,14871,223,1352
24,63122,89,2,0
10,15035822,1056548,12656,161642
26,115658,4699,120,448
22,626024,60539,222,3494
23,1356350,38938,519,3713
25,50473,376,59,441
24,362788,17129,657,1411
26,437070,16927,643,2226
25,89671,443,212,1259
10,49107,315,10,18
22,196102,4195,140,526
10,112509,3525,120,262
26,1459882,83321,1017,13144
10,321565,16772,185,559
10,200973,12480,60,463
22,4069,214,0,6
25,74158,461,98,167
27,186262,7257,906,959
22,478859,33925,180,4660
22,919912,10138,872,776
1,1112947,12288,881,1733
22,2059052,39610,1328,4516
17,306432,9181,424,332
10,4719714,268428,4356,19587
24,197295,1989,45,153
24,12396,39,0,5
10,120675,5164,114,857
24,2291406,78078,1776,8720
26,140678,9064,43,174
25,16752,26,131,69
23,1274795,50759,967,3130
28,153118,1344,15,118
24,458189,1347,1640,1129
25,166374,475,515,753
24,4471,23,0,2
10,158834,6712,41,580
2,238057,594,10,54
22,832765,11049,191,853
24,456311,8339,460,1119
24,437333,7274,248,524
1,154997,673,9,36
2,51737,862,10,78
26,690445,29547,668,2286
10,174807,2959,120,578
27,102322,5653,78,547
15,2425974,47999,983,5907
1,5619,237,1,22
17,192089,7006,245,456
26,65192,3938,52,200
24,276105,3623,66,354
24,445518,27190,262,1749
24,38720,218,34,131
28,203736,3684,52,192
28,4744488,35529,7328,13000
10,137441,18498,82,2213
10,107756,12140,47,807
10,94481,2268,378,641
24,6195810,372700,23509,39002
23,754790,3615,862,1264
22,146466,2621,360,1263
10,276034,13739,449,1039
23,3192269,162414,1918,9412
26,1555218,94238,2226,12202
22,8665083,700870,56487,134318
28,994795,38506,1095,4208
17,215449,2973,86,351
10,282005,1028,84,60
24,123721,766,40,55
10,8795,119,3,13
24,673243,44892,689,6739
10,297168,8603,166,390
23,214806,16803,284,2588
10,57920,303,5,33
19,264265,10187,151,1747
10,43650,2344,23,90
10,131490,2717,68,176
24,7195,11,0,2
24,70403,1536,7,120
26,348812,19836,311,1650
26,848558,40760,370,3902
10,3908558,130883,10147,8631
24,2422328,40269,1631,4766
24,163494,332,64,124
28,4801175,103058,12067,21660
1,2243743,47968,872,3543
26,36250,1566,23,182
10,355704,16412,198,1085
10,4108,421,4,45
28,966001,25724,1046,4802
23,1353041,49056,840,3295
10,26232,1968,14,133
10,184273,1043,14,107
26,76413,3777,19,274
22,284397,23482,56,1674
10,344944,13305,477,1083
24,459829,10606,649,1018
10,106586,3605,54,210
1,1887547,113729,3803,21940
22,3245570,223798,1184,18159
24,572561,22532,517,1566
10,108087,7804,39,285
28,1325192,46180,1416,4241
23,1476142,47281,1115,2080
10,324599,6496,859,635
10,191060,5387,408,563
28,1595643,6453,1859,2927
1,1692235,38125,1245,4421
10,1017138,83346,544,4069
24,2631028,84169,1975,6570
10,549720,44225,575,3578
10,109254,4296,75,239
10,2364524,350518,2301,38696
10,2156199,165263,2742,12872
24,99061,10935,66,569
10,20565649,1478119,46477,501435
24,478974,4858,1537,1555
22,113312,663,2059,936
24,391903,971,75,153
19,2012877,46829,1475,5161
24,1461691,22521,1309,1853
1,425398,12705,302,465
1,1525824,124315,445,28875
23,769883,20793,405,3065
24,56807,1037,877,510
24,1319154,42524,1225,4875
27,187003,5571,282,2332
24,227795,3588,724,1553
23,31919,3065,54,242
25,304781,15511,2159,2161
17,644242,5823,422,2986
24,68627,868,228,390
27,223455,9485,50,480
25,178675,627,1012,526
28,990106,33409,837,7726
10,63764,11682,89,1973
25,141058,2067,790,1823
10,312940,34381,282,2698
26,741687,41763,2409,9999
20,10869,167,2,30
24,105017,7451,73,644
24,128415,1576,63,125
15,104645,4101,80,279
24,3549055,185883,4266,32236
1,44193,2668,80,178
25,79301,306,197,112
24,17445,197,17,99
24,223592,7906,183,1349
17,8961,30,88,0
22,4763854,159547,9879,32772
17,1622730,8312,1457,5682
24,30899,1124,102,245
28,1093377,83465,2077,9997
24,1382327,12277,2365,1977
1,521816,8422,777,1041
24,25453,104,52,55
28,866903,20155,1336,3554
17,103590,876,82,197
22,1587575,44221,2057,4065
26,9155,278,22,57
22,7611822,288996,293883,93201
26,695844,36905,803,3488
22,344758,1593,66,254
24,455624,17129,678,3020
23,1273718,17446,5777,2742
28,32867,59,119,92
17,241868,120,33,68
10,44906,5138,78,464
25,696564,6750,298,1007
22,2372757,141479,7634,11593
10,19496639,464107,33974,34684
1,216743,1706,47,115
24,1389767,12413,1323,1144
23,219669,7131,103,337
24,1917979,85528,1401,13253
1,839473,3497,465,0
15,22413,1686,21,14
24,1022750,40957,1146,4086
24,3031,34,2,4
28,140681,2296,186,472
24,134239,846,309,569
23,2755100,124274,4068,5135
26,640425,25614,388,4776
17,69131,244,15,123
10,1456100,60356,1018,3252
23,471036,6911,943,1316
25,1137938,2928,1170,2994
1,115951,7163,568,3282
24,4167511,70131,7297,19103
24,2328,22,0,2
17,372931,11678,321,3955
23,1032913,8083,3008,1724
26,2258595,116427,1703,8218
23,318102,12145,220,1331
28,160225,2408,36,262
10,1002805,63946,480,7116
24,566996,5111,585,474
22,297151,14891,704,1352
22,240137,12298,554,2044
24,432877,12894,414,1461
28,2088810,29100,4783,5131
1,1614047,17164,1161,2083
26,186925,10704,189,1382
24,1671764,5823,259,734
26,61760,2659,51,222
24,95834,298,2,18
23,4603977,384101,7517,19305
25,190342,729,124,77
24,201056,20539,129,2309
26,111887,4525,220,777
28,3987580,26021,8719,0
24,340605,7360,174,506
22,391886,27347,281,2448
10,3514910,314218,1373,26807
23,2166127,90577,985,17373
22,320336,13466,221,1662
28,287017,6382,143,518
23,2759027,173077,1687,15945
24,72899,97,2,7
10,177799,18993,76,817
22,3758620,147601,1788,7908
10,601281,25610,688,1308
10,280951,5327,246,300
24,431648,1258,676,1010
10,47593,2493,98,546
28,2791685,77533,684,5246
22,166760,15048,144,757
22,775666,22997,1719,2658
22,409434,7606,1886,1033
24,3518322,74470,1478,1751
10,51043,2013,31,149
1,2019673,56452,410,2069
24,47803,911,75,280
10,2309878,121436,2210,11722
26,1040485,73342,1087,7302
26,773318,25113,460,2856
1,10249,261,3,27
28,821174,38800,831,4163
10,2023068,87498,2353,3852
26,764433,28630,611,2183
24,6438,76,0,13
26,959832,63408,462,3439
22,653088,61993,235,3554
25,50833,377,60,446
26,120171,4821,121,465
24,207643,2054,47,164
26,281272,15369,227,1392
24,382932,17756,694,1453
26,456727,17396,662,2273
25,90855,447,218,1287
22,209796,4398,146,567
10,49973,326,10,25
2,62054,933,10,97
10,200676,11690,328,461
10,126781,3853,136,281
26,1521371,85745,1045,10315
10,216293,13050,63,483
24,445225,7327,248,534
28,2348649,23861,4687,7608
25,79900,492,115,206
22,4363,226,0,13
22,2123895,40479,1362,4665
22,934381,10270,878,791
28,160545,1423,18,143
22,501481,34455,191,4710
10,370459,18297,208,604
27,195919,7488,930,977
24,12621,39,0,9
24,222677,4123,29,564
10,232176,8959,65,739
25,17019,26,131,78
1,1128296,12387,889,1786
17,315054,9284,432,352
26,144101,9213,43,185
24,2355458,79210,1803,8886
24,468130,1355,1642,1140
10,4990025,273916,4489,19878
25,166754,475,515,799
2,291948,687,10,71
24,4651,24,0,2
1,168793,699,9,44
10,130027,5383,117,917
26,68099,4052,53,208
22,923704,11708,200,936
26,713595,30269,689,2306
24,472460,8544,466,1135
27,2689,25,3,2
10,194613,3195,127,616
10,196113,8841,198,709
23,1303319,51274,983,3175
15,2457564,48412,1001,5911
24,511287,30026,324,1970
10,101864,2369,395,672
27,110725,5796,81,574
24,132561,802,45,64
24,40238,221,36,137
10,35945,2282,17,144
28,4804702,35719,7384,13127
10,131778,13029,65,857
10,153037,19121,88,2286
24,6232518,373824,23701,39144
22,146963,2626,364,1292
10,331980,1184,100,68
23,3280098,164959,2003,9557
28,1077745,40701,1186,4364
22,8808424,706104,57280,135649
23,795384,3717,898,1291
26,1574802,94941,2247,12442
28,206053,3715,53,194
10,9633,137,4,20
10,59537,316,5,40
10,50537,2624,26,100
1,1135047,43384,1902,10376
24,480140,16659,538,2121
1,1311031,43066,1618,8155
23,111973,5723,172,722
22,1512907,138252,4489,19821
27,414950,22413,448,1851
24,71480,5560,849,1672
23,864289,156831,738,14834
26,703228,45898,988,5124
10,334449,28136,208,1669
10,4635501,487060,4426,52345
23,625564,15712,333,728
25,206616,2170,899,1728
24,571105,9667,1405,705
25,174910,885,60,1607
23,242913,10385,325,1002
1,723864,34482,338,1605
10,630742,70815,930,6887
28,619567,36956,952,5381
1,34895,385,114,91
26,413743,13772,130,1534
10,518667,67782,585,3729
23,966197,61822,929,61179
10,4625554,239185,4769,18552
24,366192,19345,235,1000
17,616086,5988,364,2626
24,1096866,3080,202,406
22,302836,1286,4117,1608
22,1293052,49289,1660,4226
23,1403982,47930,1575,3840
22,223223,9518,816,1625
24,48652,367,22,38
24,145412,2409,2772,1335
24,106757,3529,152,380
1,565494,14734,420,518
24,672492,5990,2160,2192
22,580916,1657,73,494
2,125721,374,62,405
27,342604,7838,429,3383
23,1453523,121165,1773,15975
10,30424471,1762428,63990,582624
20,57495,813,27,93
19,2712929,55016,1986,6196
28,209228,7829,237,762
24,2737,5,4,9
24,59848,1577,160,0
24,30721,2013,45,152
23,361789,8193,359,400
25,43655,216,20,309
22,291775,16330,170,3207
1,1977954,141440,572,25637
22,16001,685,21,91
17,6462,9,1,8
24,268536,4091,911,1795
23,1002967,23521,497,3366
24,363089,9525,727,2521
24,306600,13553,155,1039
24,1626151,48674,1359,5407
10,2334998,107706,1525,3911
28,80180,4224,78,536
17,5665,27,6,21
24,42781,1313,163,262
24,78449,967,255,332
27,339150,12233,89,632
10,117006,15226,147,2315
22,75303,2024,92,533
25,217619,784,1337,755
27,380783,13750,195,2498
1,90525,2265,70,231
25,159619,2267,869,2024
10,54660,1744,30,133
28,21086,97,10,71
10,82157,6987,100,549
2,442890,0,0,194
24,66513,2412,218,981
24,25100,406,22,53
24,37294,287,23,126
28,1243109,38280,1014,8793
17,16568,22,3,40
1,433796,11766,326,1265
22,16512,11,0,0
23,74482,4536,25,379
15,167923,5022,103,314
26,891116,46191,2838,10754
27,299418,14124,65,1474
28,1402952,35060,2185,5242
24,36085,131,71,76
28,164812,6948,81,1165
28,104297,3857,130,472
24,56625,1093,133,220
1,59662,3624,99,207
24,259100,8452,215,1459
22,55408,21,1,12
17,8413,23,2,10
24,3669748,190177,4359,27132
25,27512,828,13,157
24,1444656,50919,1239,3060
17,1681166,8432,1491,5031
22,5005454,166469,10127,33916
25,83692,312,218,116
17,116646,56,9,16
24,1637373,14157,2849,1888
28,1217865,89347,2205,10401
17,108762,891,85,158
25,1292047,2038,71,1461
17,11844,37,99,0
1,571327,8966,822,929
17,83417,288,20,159
28,896828,20598,1377,2958
22,390669,1805,72,302
17,341006,134,36,72
26,769005,39433,863,2852
22,7990090,293800,304135,94266
24,488446,17853,698,3139
23,1285313,17588,5802,2748
25,844361,6996,329,1038
17,26829,135,2,20
22,2403392,142708,7749,11482
10,22787997,502597,37538,36467
23,228041,7311,107,338
24,1445091,12846,1357,1147
24,2001345,88388,1457,11496
15,22895,1688,21,14
1,250066,1823,50,119
24,3170,34,2,3
24,1057885,41614,1169,4008
28,37093,61,119,75
24,165899,999,338,573
28,146597,2335,194,484
23,2891328,127796,4219,5371
26,663057,26141,404,4840
23,583550,8033,1041,954
23,344752,12587,235,1358
1,846964,3499,467,0
24,4271785,71114,7431,18958
24,2735,25,0,2
23,1150895,8900,3174,1798
17,385096,12006,326,4061
28,4112187,26609,8982,0
10,1703268,67601,1123,3373
1,122191,7384,593,3143
22,314005,15492,736,1318
10,1161121,67930,522,7469
24,108829,320,2,19
22,248787,12683,566,2096
24,446594,13138,424,1379
26,192937,10880,192,1376
26,63069,2725,53,162
24,395563,7615,184,498
1,18293,294,7,28
28,2218837,29355,4868,5214
26,117199,4674,225,539
24,222861,21781,141,2412
23,4699392,388954,7586,19412
25,191166,730,125,75
1,1689730,17709,1171,2035
22,429424,28624,291,2208
28,168337,2453,36,245
10,49418,2561,98,346
22,326073,13654,222,1716
23,2206513,91418,1002,17577
10,3864917,322474,1450,27422
10,188774,19494,76,807
28,303550,6567,145,560
10,652319,26543,755,1370
22,173696,15463,148,742
24,439139,1277,679,1041
10,319412,5750,272,289
22,3932117,150979,1861,7990
24,80333,106,2,9
28,2860774,78841,690,5333
23,2822860,175347,1710,16202
22,793296,23330,1761,2695
10,53740,2078,31,146
1,2125368,57482,419,2083
10,2517566,124876,2318,12000
28,837476,39223,841,4158
10,2172912,90925,2464,3963
26,1091561,75196,1139,7456
24,6668,77,1,17
22,425684,7817,1893,989
26,1561336,87097,1065,10525
22,677750,63206,247,3616
26,785534,29247,624,2218
26,979551,64289,465,3450
25,51110,378,60,433
24,215640,2105,47,169
24,396776,18156,716,1487
22,219221,4532,152,553
25,91572,448,221,1024
26,469986,17749,676,2303
10,50664,331,11,17
26,291348,15749,233,1330
2,72124,1018,13,93
28,2379689,24008,4727,7665
24,483496,1369,1645,1115
22,4672,234,0,0
10,142463,4231,148,279
22,2162240,41032,1384,4737
22,515000,34727,195,4722
